Risk ID,Technology,Context,Risk Title,Risk Category,Risk Description,Potential Impact
BR-JAVA-001,Java,"Used as a backend programming language for enterprise applications","Deserialization Vulnerability",Security,"Java applications are vulnerable to remote code execution through insecure deserialization of untrusted data, particularly when using ObjectInputStream or third-party libraries with known deserialization flaws.","Successful exploitation can lead to complete system compromise, unauthorized access to sensitive data, malware installation, lateral movement within the network, regulatory fines under GDPR/HIPAA, and severe reputational damage."
BR-JAVA-002,Java,"Used as a backend programming language for enterprise applications","Memory Leak and Heap Exhaustion",Performance,"Improper object lifecycle management, unclosed resources, or inefficient garbage collection tuning can cause memory leaks leading to OutOfMemoryError and application crashes.","Memory exhaustion results in application downtime, degraded user experience, lost transactions, increased infrastructure costs, and potential data loss during unexpected shutdowns."
BR-JAVA-003,Java,"Used as a backend programming language for enterprise applications","Dependency Vulnerability Exposure",Security,"Java applications rely heavily on third-party libraries and frameworks (Maven/Gradle dependencies) that may contain known vulnerabilities like Log4Shell, Spring4Shell, or outdated components.","Vulnerable dependencies can be exploited for remote code execution, data breaches, service disruption, compliance violations, and significant remediation costs including emergency patching and incident response."
BR-JAVA-004,Java,"Used as a backend programming language for enterprise applications","Thread Deadlock and Concurrency Issues",Reliability,"Improper synchronization, race conditions, or deadlocks in multi-threaded Java applications can cause application hangs, inconsistent state, and service unavailability.","Concurrency issues lead to unpredictable application behavior, transaction failures, data corruption, customer dissatisfaction, and increased support costs for troubleshooting and resolution."
BR-JAVA-005,Java,"Used as a backend programming language for enterprise applications","JVM Configuration Mismanagement",Performance,"Incorrect JVM heap size, garbage collection algorithm selection, or thread pool configuration can severely impact application performance and stability.","Poor JVM tuning results in slow response times, frequent garbage collection pauses, application crashes, reduced throughput, and inability to meet SLA commitments."
BR-JAVA-006,Java,"Used as a backend programming language for enterprise applications","Insecure Cryptographic Implementation",Security,"Use of weak cryptographic algorithms (MD5, SHA-1), improper key management, or insecure random number generation in Java applications can compromise data confidentiality and integrity.","Cryptographic weaknesses enable data decryption, man-in-the-middle attacks, authentication bypass, regulatory non-compliance (PCI-DSS, HIPAA), legal liability, and loss of customer trust."
BR-JAVA-007,Java,"Used as a backend programming language for enterprise applications","SQL Injection via JDBC",Security,"Dynamic SQL query construction without proper parameterization in JDBC can allow SQL injection attacks, enabling unauthorized database access and manipulation.","SQL injection can result in complete database compromise, data theft, data manipulation, service disruption, regulatory penalties, and significant reputational damage."
BR-JAVA-008,Java,"Used as a backend programming language for enterprise applications","Insufficient Logging and Monitoring",Compliance,"Inadequate logging of security events, transactions, and errors in Java applications hinders incident detection, forensic analysis, and compliance with audit requirements.","Poor logging prevents timely threat detection, complicates incident response, violates compliance mandates (SOX, GDPR), increases audit findings, and extends breach detection time."
BR-JAVA-009,Java,"Used as a backend programming language for enterprise applications","Class Loading Vulnerabilities",Security,"Insecure class loading mechanisms or classpath manipulation can allow malicious code injection and privilege escalation in Java applications.","Class loading exploits enable arbitrary code execution, security control bypass, data exfiltration, and complete application compromise with potential for lateral network movement."
BR-JAVA-010,Java,"Used as a backend programming language for enterprise applications","Version Compatibility and Upgrade Risks",Maintainability,"Java version upgrades (e.g., Java 8 to Java 17) may introduce breaking changes, deprecated API usage, and compatibility issues with existing codebases and dependencies.","Version incompatibilities cause application failures, extended downtime during upgrades, increased development costs, delayed feature releases, and technical debt accumulation."
... (truncated for brevity, but all records are included in the actual file)
