"Risk ID","Technology","Context","Risk Title","Risk Category","Risk Description","Base Mitigation"
"BR-ANG-001","Angular","Client-side single-page application framework","Cross-Site Scripting (XSS) Vulnerability","Security","Angular applications are vulnerable to XSS attacks when using bypassSecurityTrust methods (bypassSecurityTrustHtml, bypassSecurityTrustScript, bypassSecurityTrustStyle, bypassSecurityTrustUrl, bypassSecurityTrustResourceUrl) improperly, allowing attackers to inject malicious scripts that execute in users' browsers and steal sensitive data or perform unauthorized actions.","Avoid using bypassSecurityTrust methods unless absolutely necessary. Implement strict Content Security Policy (CSP) headers, use Angular's built-in sanitization, and conduct regular security audits of template bindings."
"BR-ANG-002","Angular","Template rendering and data binding","DOM-Based XSS Through Unsafe Property Binding","Security","Using property binding with untrusted data (e.g., [innerHTML], [src], [href]) without proper sanitization can lead to DOM-based XSS attacks where malicious code is executed directly in the browser without server interaction.","Use Angular's DomSanitizer service to sanitize all untrusted content, prefer text interpolation over innerHTML, and implement input validation at component level."
"BR-ANG-003","Angular","HTTP client communication with backend APIs","Cross-Site Request Forgery (CSRF) Attacks","Security","Angular applications making HTTP requests without proper CSRF protection are vulnerable to attacks where malicious sites can trigger unauthorized actions on behalf of authenticated users.","Enable Angular's built-in CSRF protection by configuring HttpClientXsrfModule, ensure backend validates CSRF tokens, and use SameSite cookie attributes."
"BR-ANG-004","Angular","Client-side routing and navigation","Open Redirect Vulnerability","Security","Improper validation of redirect URLs in Angular routing can allow attackers to redirect users to malicious external sites, facilitating phishing attacks and credential theft.","Validate all redirect URLs against a whitelist, use Angular's Router with strict route guards, and avoid using user-supplied data directly in navigation commands."
"BR-ANG-005","Angular","Local storage and session storage usage","Sensitive Data Exposure in Browser Storage","Security","Storing sensitive information (tokens, PII, credentials) in localStorage or sessionStorage exposes data to XSS attacks and makes it accessible to any script running on the same origin.","Store sensitive tokens in httpOnly secure cookies, encrypt data before storing in browser storage, implement token rotation, and use short-lived tokens with refresh mechanisms."
"BR-ANG-006","Angular","Third-party npm package dependencies","Supply Chain Attacks via Compromised Dependencies","Security","Angular applications depend on numerous npm packages that may contain vulnerabilities or malicious code, exposing the application to supply chain attacks and data breaches.","Regularly audit dependencies using npm audit and Snyk, implement Software Composition Analysis (SCA), use package-lock.json, verify package integrity, and maintain a dependency update policy."
"BR-ANG-007","Angular","Authentication and authorization implementation","Insecure Authentication Token Management","Security","Improper handling of JWT tokens or authentication credentials in Angular applications can lead to token theft, session hijacking, and unauthorized access to protected resources.","Implement secure token storage (httpOnly cookies), use short-lived access tokens with refresh tokens, implement token expiration checks, and use interceptors for automatic token attachment."
"BR-ANG-008","Angular","Route guards and access control","Client-Side Authorization Bypass","Security","Relying solely on Angular route guards for authorization allows attackers to bypass client-side checks by manipulating browser state or directly accessing API endpoints.","Implement authorization checks on both client and server sides, use CanActivate and CanLoad guards as UI convenience only, and enforce all access control at the API level."
"BR-ANG-009","Angular","Production build configuration","Source Map Exposure in Production","Security","Deploying Angular applications with source maps enabled in production exposes application logic, business rules, API endpoints, and potentially sensitive information to attackers.","Disable source maps in production builds, use Angular CLI production flag (--prod), configure angular.json to exclude source maps, and implement proper build pipeline validation."
"BR-ANG-010","Angular","Environment configuration files","Hardcoded Secrets and API Keys Exposure","Security","Embedding API keys, secrets, or sensitive configuration in Angular environment files results in exposure through client-side code, as all Angular code is delivered to the browser.","Never store secrets in Angular code, use backend proxy for API calls requiring keys, implement environment-specific configuration management, and use secret management services."
"BR-ANG-011","Angular","Form input validation","Insufficient Input Validation","Security","Inadequate validation of user inputs in Angular forms can lead to injection attacks, data corruption, and security vulnerabilities when data is processed by backend systems.","Implement comprehensive client-side validation using Angular Reactive Forms with custom validators, sanitize all inputs, and enforce server-side validation as the primary defense."
"BR-ANG-012","Angular","HTTP interceptors","Interceptor Logic Vulnerabilities","Security","Flawed logic in HTTP interceptors can lead to authentication bypass, token leakage to unauthorized domains, or improper error handling that exposes sensitive information.","Implement strict domain whitelisting in interceptors, validate token attachment logic, handle errors securely without exposing sensitive details, and conduct thorough testing of interceptor chains."
"BR-ANG-013","Angular","Content Security Policy implementation","Weak or Missing Content Security Policy","Security","Absence of proper CSP headers or overly permissive policies fails to prevent XSS attacks, inline script execution, and unauthorized resource loading in Angular applications.","Implement strict CSP headers with nonce-based or hash-based script execution, avoid 'unsafe-inline' and 'unsafe-eval', use Angular's CSP-compatible build options, and regularly test CSP effectiveness."
"BR-ANG-014","Angular","Angular Universal server-side rendering","Server-Side Rendering Security Vulnerabilities","Security","When using Angular Universal for SSR, improper handling of user input or state can lead to server-side injection attacks, memory leaks, or exposure of server-side resources.","Sanitize all user inputs on the server side, implement proper state transfer mechanisms, isolate SSR processes, and conduct security reviews of server-side rendering logic."
"BR-ANG-015","Angular","WebSocket connections","Insecure WebSocket Communication","Security","Using unencrypted WebSocket connections (ws://) or improper authentication in WebSocket implementations exposes real-time data to interception and man-in-the-middle attacks.","Always use secure WebSocket connections (wss://), implement authentication and authorization for WebSocket connections, validate all messages, and use message signing or encryption."
"BR-ANG-016","Angular","Application bundle size and loading","Large Initial Bundle Size","Performance","Monolithic Angular bundles without proper code splitting result in large initial download sizes, slow Time to Interactive (TTI), and poor user experience, especially on mobile networks.","Implement lazy loading for feature modules, use Angular CLI's budget configuration, enable tree-shaking, optimize third-party dependencies, and implement route-based code splitting."
"BR-ANG-017","Angular","Change detection mechanism","Inefficient Change Detection Performance","Performance","Default change detection strategy checking all components on every event can cause performance degradation in large applications with complex component trees, leading to UI freezes and poor responsiveness.","Use OnPush change detection strategy where appropriate, implement trackBy functions in *ngFor loops, detach change detection for static components, and use ChangeDetectorRef judiciously."
"BR-ANG-018","Angular","RxJS observable subscriptions","Memory Leaks from Unsubscribed Observables","Performance","Failing to unsubscribe from RxJS observables in Angular components leads to memory leaks, increased memory consumption, and degraded application performance over time.","Use async pipe in templates, implement takeUntil pattern with component destruction, use SubSink or similar libraries, and conduct memory profiling to identify leaks."
"BR-ANG-019","Angular","Template expressions and bindings","Complex Template Expressions Causing Performance Issues","Performance","Using complex calculations, method calls, or heavy logic in template expressions causes repeated execution during change detection cycles, significantly impacting rendering performance.","Move complex logic to component properties or methods called once, use pure pipes for transformations, memoize expensive calculations, and avoid method calls in templates."
"BR-ANG-020","Angular","HTTP request handling","Excessive HTTP Requests and API Calls","Performance","Unoptimized HTTP request patterns, lack of caching, and redundant API calls increase network overhead, slow down application responsiveness, and strain backend resources.","Implement HTTP caching strategies using interceptors, use shareReplay for shared observables, implement request debouncing and throttling, and optimize API payload sizes."
"BR-ANG-021","Angular","Third-party library integration","Performance Impact of Heavy Third-Party Libraries","Performance","Including large or poorly optimized third-party libraries increases bundle size, parsing time, and execution overhead, negatively impacting application load time and runtime performance.","Audit third-party dependencies for size and performance impact, use lightweight alternatives, implement dynamic imports for heavy libraries, and consider custom implementations for simple functionality."
"BR-ANG-022","Angular","DOM manipulation and rendering","Excessive DOM Manipulation","Performance","Frequent or inefficient DOM updates, especially in loops or during rapid state changes, cause layout thrashing and reflow issues, degrading rendering performance and user experience.","Batch DOM updates, use virtual scrolling for large lists (CDK Virtual Scroll), minimize direct DOM manipulation, use Angular's Renderer2 for safe DOM access, and implement efficient list rendering strategies."
"BR-ANG-023","Angular","Animation and transition effects","Performance Degradation from Complex Animations","Performance","Heavy or poorly optimized Angular animations can cause frame drops, jank, and reduced responsiveness, especially on lower-end devices or when multiple animations run simultaneously.","Use CSS transforms and opacity for animations (GPU-accelerated), limit simultaneous animations, use Angular's animation callbacks to sequence effects, and test on target devices."
"BR-ANG-024","Angular","Zone.js and change detection triggering","Zone.js Performance Overhead","Performance","Zone.js patches all asynchronous operations, triggering change detection frequently and causing performance overhead in applications with high-frequency events or third-party integrations.","Run operations outside Angular zone using NgZone.runOutsideAngular for non-UI updates, consider zone-less Angular for performance-critical applications, and optimize event handling."
"BR-ANG-025","Angular","Build and compilation process","Slow Build Times Impacting Development Velocity","Performance","Large Angular applications with numerous dependencies and complex build configurations experience slow compilation times, reducing developer productivity and CI/CD pipeline efficiency.","Enable Angular Ivy compilation, use incremental builds, optimize TypeScript configuration, implement build caching, and consider module federation for micro-frontend architectures."
"BR-ANG-026","Angular","Application state management","Scalability Issues with Component State Management","Scalability","Managing application state through component properties and @Input/@Output becomes unmanageable in large applications, leading to prop drilling, tight coupling, and difficult maintenance.","Implement centralized state management using NgRx, Akita, or similar libraries, use facade pattern for state access, implement proper state normalization, and document state architecture."
"BR-ANG-027","Angular","Module architecture and organization","Monolithic Module Structure Limiting Scalability","Scalability","Poor module organization with everything in a single module or improper module boundaries makes the application difficult to scale, maintain, and deploy independently.","Implement feature module architecture, use shared and core modules appropriately, apply lazy loading strategies, consider micro-frontend architecture for very large applications, and establish clear module boundaries."
"BR-ANG-028","Angular","Component reusability and composition","Limited Component Reusability","Scalability","Tightly coupled components with hardcoded dependencies and poor abstraction limit reusability across the application, leading to code duplication and increased maintenance burden.","Design components with single responsibility principle, use content projection and component composition, implement proper component APIs with @Input/@Output, and create a component library."
"BR-ANG-029","Angular","Service architecture and dependency injection","Service Scalability and Dependency Management Issues","Scalability","Poorly designed service architecture with circular dependencies, god services, or improper provider scoping makes the application difficult to scale and test.","Apply SOLID principles to service design, use proper provider scoping (root, module, component), avoid circular dependencies, implement service facades, and use dependency injection effectively."
"BR-ANG-030","Angular","Routing and navigation at scale","Complex Routing Configuration Management","Scalability","As applications grow, routing configurations become complex and difficult to manage, leading to route conflicts, maintenance challenges, and navigation issues.","Implement hierarchical routing structure, use route configuration modules, implement route guards systematically, document routing architecture, and use route naming conventions."
"BR-ANG-031","Angular","Testing infrastructure","Test Suite Scalability and Execution Time","Scalability","As the application grows, test suites become slow to execute, difficult to maintain, and may not provide adequate coverage, impacting CI/CD pipeline efficiency.","Implement test parallelization, use shallow rendering for unit tests, optimize test setup and teardown, implement test categorization (unit, integration, e2e), and use test coverage tools."
"BR-ANG-032","Angular","Team collaboration and codebase management","Code Quality Degradation in Large Teams","Scalability","Multiple teams working on the same Angular codebase without proper standards and governance leads to inconsistent code quality, architectural drift, and integration conflicts.","Establish coding standards and style guides, implement automated linting and formatting (ESLint, Prettier), use code review processes, implement architectural decision records (ADRs), and provide team training."
"BR-ANG-033","Angular","Internationalization and localization","i18n Scalability Challenges","Scalability","Managing translations and locale-specific content for multiple languages becomes complex and error-prone as the application scales, impacting maintenance and deployment.","Use Angular's built-in i18n support or libraries like ngx-translate, implement translation management workflows, use translation keys consistently, and automate translation file generation."
"BR-ANG-034","Angular","Application runtime stability","Unhandled Runtime Exceptions","Reliability","Unhandled exceptions in Angular components, services, or observables can crash the application or leave it in an inconsistent state, degrading user experience and data integrity.","Implement global error handler using ErrorHandler, use RxJS error handling operators (catchError, retry), implement proper try-catch blocks, and integrate error monitoring tools (Sentry, Rollbar)."
"BR-ANG-035","Angular","HTTP error handling","Inadequate HTTP Error Handling","Reliability","Poor handling of HTTP errors, network failures, or timeout scenarios leads to poor user experience, data inconsistencies, and application instability.","Implement HTTP interceptors for centralized error handling, use retry strategies with exponential backoff, provide user-friendly error messages, implement offline detection, and log errors for monitoring."
"BR-ANG-036","Angular","Browser compatibility","Cross-Browser Compatibility Issues","Reliability","Angular applications may exhibit different behaviors or failures across browsers due to varying JavaScript engine implementations, CSS support, or API availability.","Test on all target browsers, use Angular's browser compatibility configuration, include appropriate polyfills, implement feature detection, and use Browserslist configuration."
"BR-ANG-037","Angular","Mobile device compatibility","Mobile Device and Touch Event Handling Issues","Reliability","Improper handling of touch events, viewport configurations, or mobile-specific behaviors can cause functionality failures or poor user experience on mobile devices.","Implement responsive design with proper viewport meta tags, test on actual mobile devices, use touch-friendly UI components, implement proper gesture handling, and use mobile-first development approach."
"BR-ANG-038","Angular","Application lifecycle management","Component Lifecycle Hook Misuse","Reliability","Improper use of Angular lifecycle hooks (ngOnInit, ngOnDestroy, etc.) can lead to memory leaks, race conditions, or unexpected behavior during component initialization and destruction.","Follow Angular lifecycle hook best practices, clean up resources in ngOnDestroy, avoid heavy operations in constructors, use appropriate hooks for specific tasks, and document lifecycle dependencies."
"BR-ANG-039","Angular","Asynchronous operation handling","Race Conditions in Asynchronous Operations","Reliability","Concurrent asynchronous operations without proper synchronization can lead to race conditions, data inconsistencies, and unpredictable application behavior.","Use RxJS operators for proper sequencing (switchMap, concatMap, exhaustMap), implement proper state management, use async/await with proper error handling, and test concurrent scenarios."
"BR-ANG-040","Angular","Third-party integration stability","Third-Party Library Breaking Changes","Reliability","Dependencies on third-party libraries expose the application to breaking changes, deprecations, or library abandonment, potentially causing application failures after updates.","Pin dependency versions, review changelogs before updates, implement comprehensive testing before upgrading, maintain fallback strategies, and evaluate library maintenance status before adoption."
"BR-ANG-041","Angular","Network connectivity handling","Poor Offline and Network Failure Handling","Reliability","Applications without proper offline detection and handling provide poor user experience during network failures and may lose user data or enter inconsistent states.","Implement service workers for offline support, use Angular PWA capabilities, implement network status detection, provide offline indicators, and implement data synchronization strategies."
"BR-ANG-042","Angular","Form data handling","Form Data Loss on Navigation or Errors","Data Integrity","User-entered form data can be lost during navigation, browser refresh, or application errors, leading to poor user experience and potential data loss.","Implement form state persistence using localStorage or sessionStorage, use CanDeactivate guards to warn users, implement auto-save functionality, and provide draft recovery mechanisms."
"BR-ANG-043","Angular","Data synchronization with backend","Client-Server Data Synchronization Issues","Data Integrity","Inconsistencies between client-side and server-side data due to failed updates, concurrent modifications, or network issues can lead to data corruption and user confusion.","Implement optimistic updates with rollback mechanisms, use version control or ETags for conflict detection, implement proper error handling and retry logic, and provide conflict resolution UI."
"BR-ANG-044","Angular","State management and data flow","State Mutation and Immutability Violations","Data Integrity","Direct mutation of state objects in Angular applications can lead to change detection issues, unpredictable behavior, and data inconsistencies, especially when using OnPush change detection.","Enforce immutability patterns, use immutable data structures or libraries (Immer), implement state management with immutability enforcement (NgRx), and use TypeScript readonly modifiers."
"BR-ANG-045","Angular","Data validation and sanitization","Inconsistent Data Validation","Data Integrity","Lack of comprehensive validation or inconsistencies between client and server validation can allow invalid data to be processed, leading to data corruption or application errors.","Implement consistent validation rules on client and server, use Angular Reactive Forms with validators, create reusable validation functions, and validate data at component boundaries."
"BR-ANG-046","Angular","Local data caching","Stale Cache Data Issues","Data Integrity","Cached data in Angular services or browser storage can become stale, leading to users seeing outdated information and making decisions based on incorrect data.","Implement cache invalidation strategies, use cache expiration timestamps, provide manual refresh mechanisms, implement cache versioning, and use appropriate cache-control headers."
"BR-ANG-047","Angular","Data transformation and mapping","Data Transformation Errors","Data Integrity","Errors in data transformation logic between API responses and application models can lead to data loss, type mismatches, or incorrect data representation.","Use TypeScript interfaces and type guards, implement data transformation services with unit tests, validate transformed data, use libraries like class-transformer, and document data models."
"BR-ANG-048","Angular","Concurrent data operations","Lost Updates Due to Concurrent Modifications","Data Integrity","Multiple concurrent operations modifying the same data without proper coordination can result in lost updates where one operation overwrites changes from another.","Implement optimistic locking with version numbers, use last-write-wins with timestamps, provide conflict detection and resolution UI, and implement proper transaction handling."
"BR-ANG-049","Angular","Production deployment configuration","Incorrect Production Build Configuration","DevOps/Deployment","Deploying Angular applications without proper production optimizations (AOT compilation, minification, tree-shaking) results in larger bundle sizes, slower performance, and potential runtime errors.","Always use Angular CLI production build (ng build --prod), configure angular.json for production optimizations, implement build validation in CI/CD pipeline, and test production builds before deployment."
"BR-ANG-050","Angular","Environment-specific configuration","Environment Configuration Mismanagement","DevOps/Deployment","Incorrect environment configurations or using development settings in production can expose sensitive information, cause functionality failures, or degrade performance.","Use Angular environment files properly, implement environment-specific build configurations, validate environment settings in deployment pipeline, and use configuration management tools."
"BR-ANG-051","Angular","Continuous Integration/Continuous Deployment","Inadequate CI/CD Pipeline Testing","DevOps/Deployment","Insufficient automated testing in CI/CD pipelines allows bugs and regressions to reach production, increasing the risk of deployment failures and production incidents.","Implement comprehensive test suites (unit, integration, e2e) in CI/CD, use code coverage thresholds, implement automated security scanning, and use staging environments for pre-production validation."
"BR-ANG-052","Angular","Deployment rollback procedures","Lack of Deployment Rollback Strategy","DevOps/Deployment","Without proper rollback mechanisms, failed deployments can result in extended downtime and inability to quickly restore service when issues are discovered in production.","Implement blue-green or canary deployment strategies, maintain previous version artifacts, automate rollback procedures, implement health checks and monitoring, and document rollback procedures."
"BR-ANG-053","Angular","Static asset hosting and CDN","CDN Cache Invalidation Issues","DevOps/Deployment","Improper cache invalidation strategies for Angular assets on CDNs can cause users to receive outdated application versions, leading to functionality issues and poor user experience.","Implement file hashing in build process, configure proper cache-control headers, use CDN cache invalidation APIs, implement versioning strategies, and test cache behavior after deployments."
"BR-ANG-054","Angular","Container deployment","Docker Container Misconfiguration","DevOps/Deployment","Improperly configured Docker containers for Angular applications can lead to security vulnerabilities, performance issues, or deployment failures in containerized environments.","Use multi-stage Docker builds, minimize container image size, use non-root users, implement proper health checks, scan images for vulnerabilities, and follow Docker best practices."
"BR-ANG-055","Angular","Monitoring and observability","Insufficient Production Monitoring","DevOps/Deployment","Lack of proper monitoring and observability in production makes it difficult to detect issues, diagnose problems, and understand application behavior and performance.","Implement application performance monitoring (APM), use error tracking services (Sentry, Rollbar), implement custom metrics and logging, set up alerting for critical issues, and use Real User Monitoring (RUM)."
"BR-ANG-056","Angular","Deployment automation","Manual Deployment Process Errors","DevOps/Deployment","Manual deployment processes are error-prone and can lead to inconsistent deployments, configuration mistakes, and increased deployment time and risk.","Fully automate deployment processes using CI/CD tools, implement infrastructure as code, use deployment checklists, implement automated smoke tests post-deployment, and document deployment procedures."
"BR-ANG-057","Angular","Version control and release management","Poor Version Control and Release Management","DevOps/Deployment","Inadequate version control practices and release management can lead to deployment of wrong versions, difficulty in tracking changes, and challenges in coordinating releases.","Implement semantic versioning, use Git branching strategies (GitFlow, trunk-based), tag releases properly, maintain changelog, implement release notes automation, and use release management tools."
"BR-ANG-058","Angular","Dependency management in deployment","Dependency Version Conflicts in Deployment","DevOps/Deployment","Inconsistent dependency versions between development and production environments can cause unexpected behavior or failures when deploying Angular applications.","Use package-lock.json or yarn.lock consistently, implement dependency version validation in CI/CD, use containerization for consistent environments, and document dependency requirements."
"BR-ANG-059","Angular","Server-side rendering deployment","Angular Universal Deployment Complexity","DevOps/Deployment","Deploying Angular Universal applications with server-side rendering introduces additional complexity, potential server-side vulnerabilities, and operational challenges.","Use proper Node.js server configuration, implement server monitoring and scaling, secure server-side code, implement proper error handling for SSR failures, and use managed SSR platforms when possible."
"BR-ANG-060","Angular","Progressive Web App deployment","Service Worker Update and Caching Issues","DevOps/Deployment","Improper service worker configuration or update strategies in Angular PWAs can cause users to be stuck on old versions or experience caching issues after deployments.","Implement proper service worker update strategies, use Angular PWA module correctly, test service worker behavior, implement version checking and update prompts, and provide manual refresh options."
