Risk ID,Description,Potential Impact,Tech Stack,Category of Risks
DEV-SEC-001,"Hardcoded secrets (API keys, database credentials) in Git repositories, including private ones, accessible to a wide range of developers.","Widespread system compromise, unauthorized data access and exfiltration, significant financial and reputational damage.",DevOps,Security & Vulnerability Risks
DEV-SEC-002,"Lack of automated Software Composition Analysis (SCA) in the CI/CD pipeline to detect known vulnerabilities in open-source dependencies.","Deployment of applications with critical vulnerabilities (e.g., Log4Shell), leading to remote code execution and system takeover.",DevOps,Security & Vulnerability Risks
DEV-SEC-003,"Overly permissive IAM roles or service account permissions assigned to CI/CD pipeline jobs, violating the principle of least privilege.","A compromised pipeline job could lead to lateral movement across the cloud environment, enabling widespread resource destruction or data theft.",DevOps,Security & Vulnerability Risks
DEV-SEC-004,"Failure to integrate Static Application Security Testing (SAST) tools, allowing common coding flaws (e.g., SQL injection, XSS) to reach production.","Application-level attacks, data breaches, defacement of web properties, and failure to meet compliance standards like PCI-DSS.",DevOps,Security & Vulnerability Risks
DEV-SEC-005,"Use of public or untrusted base images for containers without vulnerability scanning or hardening.","Introduction of malware or critical vulnerabilities into the production environment, creating a persistent backdoor.",DevOps,Security & Vulnerability Risks
DEV-SEC-006,"Infrastructure as Code (IaC) scripts (e.g., Terraform, CloudFormation) defining insecure configurations like public S3 buckets or open security groups.","Accidental public exposure of sensitive data, creation of network ingress points for attackers, non-compliance with data protection regulations.",DevOps,Security & Vulnerability Risks
DEV-SEC-007,"Secrets stored as plain text in CI/CD tool environment variables, which can be exposed through build logs.","Credential leakage, leading to unauthorized access to integrated services (databases, cloud providers, APIs).",DevOps,Security & Vulnerability Risks
DEV-SEC-008,"Lack of branch protection rules in Git, allowing developers to merge un-reviewed or failing code into main branches.","Introduction of malicious code, security flaws, or stability issues directly into the release candidate.",DevOps,Security & Vulnerability Risks
DEV-SEC-009,"Insufficient security for the CI/CD tools themselves (e.g., Jenkins, GitLab), such as default admin passwords or lack of MFA.","Complete takeover of the build and deployment process, enabling supply chain attacks where malicious code is injected into every application.",DevOps,Security & Vulnerability Risks
DEV-SEC-010,"Failure to integrate Dynamic Application Security Testing (DAST) for running applications in a staging environment.","Runtime and configuration-dependent vulnerabilities are missed, leaving the production application exposed to attack.",DevOps,Security & Vulnerability Risks
DEV-SEC-011,"Container runtime security is not monitored, allowing for privilege escalation or container escape vulnerabilities to be exploited in production.","Compromise of the underlying host node, leading to a breach of all containers running on that host.",DevOps,Security & Vulnerability Risks
DEV-SEC-012,"Inadequate logging and monitoring of pipeline activities, preventing detection of anomalous or malicious behavior.","Inability to detect or respond to a supply chain attack in progress, significant delays in forensic investigation post-breach.",DevOps,Security & Vulnerability Risks
DEV-SEC-013,"Developers using personal or unauthorized third-party tools/services that connect to the corporate code repositories.","Source code exfiltration, introduction of malware into the development ecosystem.",DevOps,Security & Vulnerability Risks
DEV-SEC-014,"Lack of a centralized and automated secret rotation policy for credentials used by applications and pipelines.","A leaked credential remains valid indefinitely, increasing the window of opportunity for an attacker.",DevOps,Security & Vulnerability Risks
DEV-SEC-015,"Build artifacts are not signed, allowing for a tampering attack between the build and deploy stages.","Deployment of a malicious or corrupted artifact into production, leading to unpredictable behavior or compromise.",DevOps,Security & Vulnerability Risks
DEV-SEC-016,"Insecure configuration of feature flag systems, allowing unauthorized users to enable or disable features.","Exposure of incomplete and insecure features to the public, potential for abuse of administrative features.",DevOps,Security & Vulnerability Risks
DEV-SEC-017,"Ignoring security warnings or failing builds from SAST/SCA tools due to tight deadlines, creating a culture of 'security debt'.","Systematic accumulation of vulnerabilities in the codebase, leading to a fragile and easily compromised application portfolio.",DevOps,Security & Vulnerability Risks
DEV-SEC-018,"Lack of network segmentation between different environments (dev, staging, prod) in the cloud.","A compromise in a lower-security development environment can easily pivot to attack high-security production systems.",DevOps,Security & Vulnerability Risks
DEV-SEC-019,"Improper handling of sensitive data in test environments, such as using production data copies without masking or anonymization.","Exposure of customer PII to a large internal audience, increasing insider threat risk and violating data privacy regulations like GDPR.",DevOps,Security & Vulnerability Risks
DEV-SEC-020,"Dependency confusion attacks where a malicious internal package name is registered on a public repository, tricking the build system.","Execution of arbitrary code within the secure build environment, leading to a full-scale supply chain compromise.",DevOps,Security & Vulnerability Risks
DEV-SEC-021,"Failure to regularly patch the underlying infrastructure of the DevOps toolchain (e.g., Jenkins servers, Kubernetes nodes).","Exploitation of known OS or platform vulnerabilities to compromise the entire CI/CD infrastructure.",DevOps,Security & Vulnerability Risks
DEV-SEC-022,"No security validation for Terraform/IaC modules sourced from public registries.","Unintentional deployment of infrastructure with built-in backdoors or critical security misconfigurations.",DevOps,Security & Vulnerability Risks
DEV-SEC-023,"Lack of egress filtering from build agents, allowing a compromised build to exfiltrate data or source code to the public internet.","Theft of intellectual property, exposure of internal network details and credentials.",DevOps,Security & Vulnerability Risks
DEV-SEC-024,"Developers having direct production access (e.g., kubectl, SSH) for 'hotfixes', bypassing the entire CI/CD process and audit trail.","Introduction of un-tested and potentially insecure changes, configuration drift, and compliance violations (e.g., SOX).",DevOps,Security & Vulnerability Risks
DEV-SEC-025,"Insufficient rate limiting and security headers on APIs deployed via automated pipelines.","Denial-of-Service (DoS) attacks, increased vulnerability to common web attacks like Cross-Site Scripting (XSS).",DevOps,Security & Vulnerability Risks
DEV-PERF-001,"CI/CD pipeline becomes a serial bottleneck as more teams and microservices are added, leading to long queue times for builds and tests.","Decreased developer velocity, delayed feature releases, and developers bypassing slow pipelines.",DevOps,Performance & Scalability Risks
DEV-PERF-002,"Inefficient container resource requests/limits (CPU, memory) leading to either chronic under-provisioning (throttling, OOMKilled) or massive over-provisioning (cost waste).","Application instability and poor performance; significant and unnecessary cloud infrastructure costs.",DevOps,Performance & Scalability Risks
DEV-PERF-003,"Lack of automated performance and load testing integrated into the deployment pipeline.","Performance regressions are deployed to production, causing slow response times, service degradation, and SLA breaches during peak traffic.",DevOps,Performance & Scalability Risks
DEV-PERF-004,"Fragmented and incomplete observability stack (logs, metrics, traces) making it difficult to diagnose performance issues in a distributed system.","High Mean Time to Resolution (MTTR) for production incidents, prolonged outages, and inability to pinpoint root causes.",DevOps,Performance & Scalability Risks
DEV-PERF-005,"Automated database schema migrations are not tested for performance impact, leading to locking or slow queries in production.","Application-wide outage or severe degradation during deployment as the database becomes a bottleneck.",DevOps,Performance & Scalability Risks
DEV-PERF-006,"Inefficient use of build caches or distributed caching, causing every build to be a full, slow build from scratch.","Slow developer feedback loops, wasted compute resources in the CI system, and reduced deployment frequency.",DevOps,Performance & Scalability Risks
DEV-PERF-007,"Container image bloat, where large, multi-gigabyte images are used, slowing down pull times and increasing storage costs.","Slow application startup times, delayed scaling events in orchestrators like Kubernetes, and increased network traffic.",DevOps,Performance & Scalability Risks
DEV-PERF-008,"Lack of autoscaling configured or poorly tuned autoscaling parameters for services and infrastructure.","System failure under sudden traffic spikes (under-scaling) or excessive costs during low-traffic periods (over-scaling).",DevOps,Performance & Scalability Risks
DEV-PERF-009,"The artifact repository (e.g., Artifactory, Nexus) becomes a performance bottleneck, slowing down dependency downloads for all builds.","Global slowdown of all CI/CD pipelines, potentially halting all development and deployment activities.",DevOps,Performance & Scalability Risks
DEV-PERF-010,"Test data generation for automated tests is slow and inefficient, significantly increasing the duration of the test stage in the pipeline.","Long feedback cycles for developers, temptation to skip comprehensive testing to speed up builds.",DevOps,Performance & Scalability Risks
DEV-PERF-011,"Failure to monitor and alert on key pipeline performance indicators (e.g., build duration, test failure rate, deployment time).","Gradual degradation of pipeline performance goes unnoticed until it becomes a major impediment to productivity.",DevOps,Performance & Scalability Risks
DEV-PERF-012,"Misconfiguration of Content Delivery Networks (CDN) in IaC, leading to low cache-hit ratios and high origin load.","Poor application performance for end-users, increased egress costs from the cloud provider.",DevOps,Performance & Scalability Risks
DEV-PERF-013,"Service mesh (e.g., Istio) introduced for observability and security adds significant latency overhead to inter-service communication.","Application response times increase across the board, potentially violating performance SLAs.",DevOps,Performance & Scalability Risks
DEV-PERF-014,"Parallel test execution is not implemented, causing the test suite to run serially and take an excessive amount of time.","The testing phase becomes the primary bottleneck in the CI pipeline, severely limiting deployment frequency.",DevOps,Performance & Scalability Risks
DEV-PERF-015,"Lack of chaos engineering practices to proactively test system resilience and identify scalability weaknesses.","Unexpected cascading failures in production during partial outages or high load, leading to extended downtime.",DevOps,Performance & Scalability Risks
DEV-PERF-016,"Inefficient logging practices (e.g., excessive verbose logging) that overwhelm the logging infrastructure and increase costs.","High operational costs, performance degradation of the logging system, and difficulty finding important log messages.",DevOps,Performance & Scalability Risks
DEV-PERF-017,"The DevOps toolchain itself is not designed for high availability, creating a single point of failure for all development.","An outage of the CI/CD system (e.g., Jenkins master failure) completely halts all software delivery.",DevOps,Performance & Scalability Risks
DEV-PERF-018,"Cold starts for serverless (FaaS) functions are not managed, leading to high latency for infrequently used endpoints.","Poor user experience for certain application features, potential for cascading timeouts in service-to-service calls.",DevOps,Performance & Scalability Risks
DEV-PERF-019,"Failure to scale the underlying infrastructure for the DevOps toolchain (e.g., build agents, Kubernetes cluster for tools).","CI/CD system becomes slow and unreliable under load, failing builds and deployments intermittently.",DevOps,Performance & Scalability Risks
DEV-PERF-020,"Network latency between different cloud regions or availability zones is not accounted for in a multi-region deployment architecture.","High latency for inter-service communication, leading to slow application performance and potential timeouts.",DevOps,Performance & Scalability Risks
DEV-PERF-021,"Database connection pools are not properly configured, leading to connection exhaustion under load.","Application services are unable to connect to the database, resulting in widespread errors and service unavailability.",DevOps,Performance & Scalability Risks
DEV-PERF-022,"Rollback procedures are not automated or tested, leading to long, manual, and error-prone recovery during a failed deployment.","Extended Mean Time to Recovery (MTTR), prolonging the impact of a production incident.",DevOps,Performance & Scalability Risks
DEV-PERF-023,"Lack of capacity planning and forecasting based on business growth projections.","Infrastructure hits a scalability ceiling unexpectedly, leading to major outages and requiring emergency re-architecture.",DevOps,Performance & Scalability Risks
DEV-PERF-024,"Inefficient health checks for services in an orchestrator, leading to slow detection of failed instances or premature termination of starting instances.","Delayed recovery from failures, cascading failures as traffic is not routed away from unhealthy instances quickly enough.",DevOps,Performance & Scalability Risks
DEV-PERF-025,"Git repository becomes excessively large (monorepo bloat), slowing down clone and fetch operations for developers and CI jobs.","Decreased developer productivity, increased CI pipeline execution times, and high load on the source control system.",DevOps,Performance & Scalability Risks
DEV-DX-001,"A fragmented and poorly integrated toolchain ('tool sprawl') requires developers to context-switch constantly, increasing cognitive load.","Reduced developer productivity, increased frustration and burnout, high training costs for new hires.",DevOps,Design & Developer Experience
DEV-DX-002,"Inconsistent development environments between developer laptops and the CI/CD/production environments ('it works on my machine').","Bugs that only appear in production, wasted time debugging environment-specific issues, deployment failures.",DevOps,Design & Developer Experience
DEV-DX-003,"Extremely long CI feedback loops (build and test times > 15-20 minutes) discourage frequent commits and iterative development.","Developers batch large, risky changes, merge conflicts become more frequent and severe, and code quality decreases.",DevOps,Design & Developer Experience
DEV-DX-004,"Flaky or unreliable tests in the CI pipeline that fail intermittently without any underlying code change.","Developers lose trust in the test suite, start ignoring failures, and real bugs go undetected.",DevOps,Design & Developer Experience
DEV-DX-005,"Lack of a 'paved road' or golden path for common development tasks (e.g., creating a new service, setting up a pipeline).","Inconsistent service architecture, duplicated effort, and security/operational best practices are not followed.",DevOps,Design & Developer Experience
DEV-DX-006,"On-call burden is placed on developers without providing them with the tools, training, or autonomy to fix underlying issues.","High levels of developer stress and burnout, high employee turnover, and a culture of 'firefighting' rather than prevention.",DevOps,Design & Developer Experience
DEV-DX-007,"Cryptic and unactionable error messages from CI/CD pipelines or deployment tools.","Developers waste significant time trying to debug the pipeline itself instead of their code, leading to frustration.",DevOps,Design & Developer Experience
DEV-DX-008,"A complex and manual process for provisioning development or testing environments.","Developers avoid creating fresh environments, leading to test contamination and a reluctance to experiment.",DevOps,Design & Developer Experience
DEV-DX-009,"The 'Not Invented Here' syndrome leads to the creation of custom, in-house DevOps tools that are poorly documented and maintained.","High maintenance overhead, key-person dependencies, and tools that lack the features and security of industry-standard alternatives.",DevOps,Design & Developer Experience
DEV-DX-010,"Forcing a microservices architecture for a problem that is better suited to a monolith.","Massive increase in operational and cognitive overhead without any of the benefits, leading to a slow and complex development process.",DevOps,Design & Developer Experience
DEV-DX-011,"Lack of effective documentation or a centralized knowledge base for DevOps processes and architecture.","Slow onboarding for new developers, repeated questions, and knowledge silos.",DevOps,Design & Developer Experience
DEV-DX-012,"The development workflow requires developers to manually perform repetitive tasks that could be automated.","Wasted developer time, increased chance of human error, and low morale.",DevOps,Design & Developer Experience
DEV-DX-013,"A blame-oriented culture for production incidents discourages transparency and learning.","Developers hide mistakes, post-mortems are ineffective, and the same incidents reoccur.",DevOps,Design & Developer Experience
DEV-DX-014,"The CI/CD pipeline is a 'black box' managed by a separate team, and developers have no visibility or control over it.","Developers are unable to self-service or debug their own pipeline issues, creating a bottleneck.",DevOps,Design & Developer Experience
DEV-DX-015,"Lack of a standardized local development setup (e.g., using Docker Compose, Dev Containers) across the team.","Time wasted on setup, environment drift between team members, and difficulty in collaboration.",DevOps,Design & Developer Experience
DEV-DX-016,"Overly rigid and bureaucratic change approval process, even for minor changes, negating the agility of DevOps.","Developers are disincentivized from making small, incremental improvements; shadow IT processes emerge.",DevOps,Design & Developer Experience
DEV-DX-017,"Poorly designed APIs between microservices create tight coupling, requiring multiple teams to coordinate for a single feature release.","Loss of team autonomy, deployment contention, and a 'distributed monolith' that is hard to change.",DevOps,Design & Developer Experience
DEV-DX-018,"Lack of investment in developer tools and infrastructure is seen as a cost center rather than a productivity multiplier.","Developer velocity stagnates or declines, top talent leaves for better-equipped companies.",DevOps,Design & Developer Experience
DEV-DX-019,"No clear ownership of shared libraries or modules, leading to them becoming outdated and unmaintained.","Teams are forced to fork libraries or avoid using them, leading to code duplication and fragmentation.",DevOps,Design & Developer Experience
DEV-DX-020,"The code review process is adversarial or excessively slow, blocking developers and creating friction.","Reduced collaboration, decreased code quality as developers avoid feedback, and slower delivery.",DevOps,Design & Developer Experience
DEV-DX-021,"Metrics used to measure developer productivity (e.g., lines of code, number of commits) are misguided and create perverse incentives.","Developers focus on gaming the metrics rather than writing quality software, leading to poor outcomes and low morale.",DevOps,Design & Developer Experience
DEV-DX-022,"Lack of feature flagging capabilities forces teams to use long-lived feature branches, leading to painful merges.","Merge conflicts, delayed integration, and inability to perform A/B testing or phased rollouts.",DevOps,Design & Developer Experience
DEV-DX-023,"The 'You build it, you run it' mantra is implemented without providing adequate training in operational practices like monitoring, alerting, and incident response.","Developers are ill-equipped to operate their services reliably, leading to more frequent and longer outages.",DevOps,Design & Developer Experience
DEV-DX-024,"Inability to easily access and query logs from all services in a centralized location.","Debugging distributed systems becomes nearly impossible, significantly increasing the time to resolve issues.",DevOps,Design & Developer Experience
DEV-DX-025,"The organizational structure (e.g., siloed Dev, QA, and Ops teams) is at odds with the collaborative goals of DevOps.","Persistent friction, communication overhead, and hand-offs that undermine the entire DevOps transformation.",DevOps,Design & Developer Experience
DEV-GOV-001,"Lack of an immutable, auditable trail for all changes deployed to production, making it impossible to answer 'who changed what, when, and why'.","Failure to meet regulatory compliance (SOX, HIPAA, PCI-DSS), significant fines, and inability to perform forensic analysis after an incident.",DevOps,Governance & Operational Risks
DEV-GOV-002,"Configuration drift where manual 'hotfixes' are applied directly to production environments without being captured in IaC.","Infrastructure is no longer reproducible, automated deployments fail unexpectedly, and disaster recovery becomes unreliable.",DevOps,Governance & Operational Risks
DEV-GOV-003,"Compliance and security checks are performed manually at the end of the lifecycle, creating a bottleneck and adversarial relationship.","Late-stage discovery of major compliance issues, delayed releases, and friction between development and governance teams.",DevOps,Governance & Operational Risks
DEV-GOV-004,"Disaster Recovery (DR) and backup procedures are not automated or regularly tested as part of the DevOps workflow.","Inability to meet Recovery Time Objective (RTO) and Recovery Point Objective (RPO) during a real disaster, leading to extended business disruption and data loss.",DevOps,Governance & Operational Risks
DEV-GOV-005,"Knowledge of critical systems and pipelines is concentrated in a few key individuals ('heroes'), creating single points of failure.","Operations grind to a halt if a key person is unavailable; inability to scale the team or processes.",DevOps,Governance & Operational Risks
DEV-GOV-006,"Lack of a consistent tagging and labeling strategy for cloud resources, making cost allocation and security auditing impossible.","Inability to track cloud spend by project or team, difficulty in identifying non-compliant or orphaned resources.",DevOps,Governance & Operational Risks
DEV-GOV-007,"No formal process for managing the lifecycle of DevOps tools, including procurement, version upgrades, and decommissioning.","Use of unsupported or vulnerable tool versions, vendor lock-in, and uncontrolled tool sprawl.",DevOps,Governance & Operational Risks
DEV-GOV-008,"Service Level Objectives (SLOs) and Service Level Indicators (SLIs) are not defined or monitored for critical applications.","Inability to objectively measure service reliability, make data-driven decisions about reliability work, or enforce SLAs with customers.",DevOps,Governance & Operational Risks
DEV-GOV-009,"The 'move fast' culture of DevOps is used to justify bypassing established governance and risk management processes.","Systematic accumulation of risk, leading to major security, compliance, or operational failures.",DevOps,Governance & Operational Risks
DEV-GOV-010,"Lack of a centralized, automated policy-as-code framework (e.g., Open Policy Agent) to enforce governance rules within the pipeline.","Inconsistent application of policies, reliance on manual reviews, and inability to scale governance across the organization.",DevOps,Governance & Operational Risks
DEV-GOV-011,"No clear ownership or accountability defined for shared platforms and services (e.g., the Kubernetes platform, CI/CD system).","Underinvestment in platform maintenance, reliability issues, and lack of a clear point of contact during incidents.",DevOps,Governance & Operational Risks
DEV-GOV-012,"Inadequate capacity management processes, leading to reactive and expensive infrastructure upgrades.","Performance degradation and outages as services hit scaling limits; budget overruns.",DevOps,Governance & Operational Risks
DEV-GOV-013,"Post-mortem and incident review processes are not blameless, discouraging honest reporting and learning.","Root causes are not identified, corrective actions are not implemented, and the same incidents happen repeatedly.",DevOps,Governance & Operational Risks
DEV-GOV-014,"Lack of a data retention and classification policy for logs, metrics, and artifacts generated by the DevOps process.","Unnecessary storage costs, potential violation of data privacy regulations (e.g., GDPR's right to be forgotten).",DevOps,Governance & Operational Risks
DEV-GOV-015,"Third-party and open-source software licenses are not tracked or reviewed, creating legal and compliance risks.","Violation of license terms (e.g., AGPL), leading to potential litigation or the requirement to open-source proprietary code.",DevOps,Governance & Operational Risks
DEV-GOV-016,"The cost of the DevOps platform and cloud consumption is not visible to development teams, leading to a lack of cost-consciousness.","Uncontrolled growth in cloud spending, inefficient resource usage.",DevOps,Governance & Operational Risks
DEV-GOV-017,"No standardized process for deprecating and decommissioning old services or applications.","'Zombie' services continue to run, consuming resources and posing a security risk as they are no longer patched or monitored.",DevOps,Governance & Operational Risks
DEV-GOV-018,"Access reviews for critical DevOps tools and cloud environments are not performed regularly.","Accumulation of excessive permissions ('privilege creep'), increasing the risk from compromised accounts.",DevOps,Governance & Operational Risks
DEV-GOV-019,"The organization lacks the skills and expertise to effectively operate and govern the complex DevOps toolchain.","Poor tool adoption, misconfigurations, and failure to realize the benefits of the DevOps investment.",DevOps,Governance & Operational Risks
DEV-GOV-020,"Change Advisory Board (CAB) meetings are still required for every automated deployment, creating a bureaucratic bottleneck.","The primary benefit of DevOps (deployment speed) is nullified, leading to developer frustration and 'shadow ops'.",DevOps,Governance & Operational Risks
DEV-GOV-021,"No governance over the creation of new microservices, leading to service sprawl and duplication of functionality.","Increased maintenance overhead, inconsistent implementations, and difficulty in understanding the overall system architecture.",DevOps,Governance & Operational Risks
DEV-GOV-022,"Lack of a formal risk assessment process for adopting new open-source technologies or cloud services.","Introduction of technologies with significant security flaws, high operational costs, or poor community support.",DevOps,Governance & Operational Risks
DEV-GOV-023,"The definition of 'done' for a feature does not include operational readiness criteria like monitoring, documentation, and runbooks.","Features are deployed that are unreliable and difficult to support, increasing the operational burden on the team.",DevOps,Governance & Operational Risks
DEV-GOV-024,"Inconsistent incident management and communication processes across different teams.","Confusion during major incidents, delayed resolution, and poor communication with stakeholders and customers.",DevOps,Governance & Operational Risks
DEV-GOV-025,"Failure to align DevOps metrics (e.g., DORA metrics) with broader business objectives.","The team optimizes for technical metrics that do not deliver real business value, leading to a disconnect with leadership.",DevOps,Governance & Operational Risks
DEV-AI-001,"Failure to version datasets and models alongside code, making ML experiments impossible to reproduce for debugging or auditing.","Inability to validate model results, failure to meet regulatory requirements for model explainability, 'scientific' debt.",DevOps,AI & Data Engineering Specific Risks
DEV-AI-002,"Training-serving skew, where the model behaves differently in production due to discrepancies between training data and live inference data.","Silent and catastrophic model performance degradation, flawed business decisions based on incorrect predictions, loss of customer trust.",DevOps,AI & Data Engineering Specific Risks
DEV-AI-003,"AI models amplify biases present in the training data, leading to discriminatory or unfair outcomes for certain user demographics.","Significant reputational damage, customer alienation, and legal/regulatory action for discrimination.",DevOps,AI & Data Engineering Specific Risks
DEV-AI-004,"MLOps pipelines are significantly more complex than CI/CD, with more stages (data validation, training, evaluation) creating more potential points of failure.","Brittle and unreliable model deployment process, slow iteration on new models, high maintenance overhead.",DevOps,AI & Data Engineering Specific Risks
DEV-AI-005,"Lack of automated data quality and validation checks in data pipelines, allowing 'garbage' data to be used for model training.","'Garbage in, garbage out'; models are trained on corrupt or incorrect data, leading to completely invalid outputs.",DevOps,AI & Data Engineering Specific Risks
DEV-AI-006,"Adversarial attacks where subtly modified inputs are crafted to fool a model into making incorrect predictions.","Security systems can be bypassed (e.g., facial recognition, spam filters), leading to direct security breaches.",DevOps,AI & Data Engineering Specific Risks
DEV-AI-007,"Data drift is not monitored in production, where the statistical properties of live data change over time, invalidating the model.","Gradual and unnoticed decay of model accuracy, leading to increasingly poor business outcomes.",DevOps,AI & Data Engineering Specific Risks
DEV-AI-008,"Lack of a 'model registry' to track, govern, and manage the lifecycle of all deployed machine learning models.","Inability to know which model version is serving in production, difficulty in rolling back bad models, 'shadow' AI/ML projects.",DevOps,AI & Data Engineering Specific Risks
DEV-AI-009,"The cost of model training and inference is not tracked or managed, leading to runaway cloud bills from GPU usage.","Massive, unexpected infrastructure costs that can negate the business value of the AI/ML initiative.",DevOps,AI & Data Engineering Specific Risks
DEV-AI-010,"Data pipelines are not idempotent, meaning re-running a failed job can lead to duplicated or corrupted data.","Data quality issues that are difficult to clean up, leading to unreliable analytics and model training.",DevOps,AI & Data Engineering Specific Risks
DEV-AI-011,"Model explainability (XAI) techniques are not used, making it impossible to understand or justify a model's decisions.","Inability to comply with regulations like GDPR's 'right to explanation', difficulty in debugging model behavior.",DevOps,AI & Data Engineering Specific Risks
DEV-AI-012,"Sensitive PII is used in model training without proper anonymization, and the model inadvertently memorizes and exposes this data.","Severe data breach through model inference attacks, major regulatory fines, and loss of customer trust.",DevOps,AI & Data Engineering Specific Risks
DEV-AI-013,"The MLOps pipeline lacks automated model evaluation against a 'golden' test set before deployment.","A poorly performing model can be promoted to production, causing immediate negative impact on users.",DevOps,AI & Data Engineering Specific Risks
DEV-AI-014,"Feature stores are not used, leading to inconsistent feature engineering logic between training and serving, and duplication of effort.","Training-serving skew, wasted engineering time, and inconsistent model predictions.",DevOps,AI & Data Engineering Specific Risks
DEV-AI-015,"Data provenance is not tracked, making it impossible to trace a model's prediction back to the source data used for training.","Failure to meet audit and compliance requirements, inability to debug data quality issues.",DevOps,AI & Data Engineering Specific Risks
DEV-AI-016,"Lack of a human-in-the-loop or review process for high-stakes AI-driven decisions.","Autonomous, incorrect decisions can have severe financial or personal consequences (e.g., loan rejection, medical misdiagnosis).",DevOps,AI & Data Engineering Specific Risks
DEV-AI-017,"The complexity of managing GPU drivers and CUDA versions across the MLOps environment.","Environment inconsistencies that break model training and serving, high maintenance overhead for the platform team.",DevOps,AI & Data Engineering Specific Risks
DEV-AI-018,"Model performance metrics are not tied to business KPIs, leading to optimization for statistical measures that don't create business value.","Data science teams declare success on a model that has no or negative impact on the business.",DevOps,AI & Data Engineering Specific Risks
DEV-AI-019,"Data engineering pipelines are brittle and have high latency, failing to deliver fresh data in a timely manner for model retraining or inference.","Models operate on stale data, leading to inaccurate predictions; business intelligence dashboards are out of date.",DevOps,AI & Data Engineering Specific Risks
DEV-AI-020,"Lack of A/B testing or canary deployment frameworks for ML models, making it risky to roll out new model versions.","A new, poorly performing model is rolled out to 100% of users, causing widespread negative impact.",DevOps,AI & Data Engineering Specific Risks
DEV-AI-021,"Security of data access from model training environments is not properly restricted, allowing data scientists to exfiltrate large datasets.","Massive data breach of sensitive training data, theft of intellectual property.",DevOps,AI & Data Engineering Specific Risks
DEV-AI-022,"The data schema for data pipelines is not managed or versioned, leading to upstream changes breaking downstream consumers.","Brittle data pipelines that fail frequently, requiring significant manual intervention to fix.",DevOps,AI & Data Engineering Specific Risks
DEV-AI-023,"Model inference endpoints are not secured against denial-of-service or resource exhaustion attacks.","Attackers can run up huge inference costs or make the AI service unavailable to legitimate users.",DevOps,AI & Data Engineering Specific Risks
DEV-AI-024,"The ethical implications of a new AI use case are not reviewed by a formal governance body before development begins.","Development of a system that is reputationally or legally toxic, leading to project cancellation and wasted investment.",DevOps,AI & Data Engineering Specific Risks
DEV-AI-025,"Lack of a feedback loop to collect production outcomes and use them to improve future model iterations (e.g., via active learning).","Models become stale and do not learn from their mistakes, leading to stagnant performance and missed opportunities.",DevOps,AI & Data Engineering Specific Risks