Risk ID,Risk Description,Potential Impact,Tech Stack,Category Of Risks
ANG-SEC-001,"Cross-Site Scripting (XSS) due to improper sanitization of user-supplied data before rendering it in the DOM.","Execution of malicious scripts in users' browsers, leading to session hijacking, data theft, or defacement.",Angular,Security & Vulnerability Risks
ANG-SEC-002,"Vulnerabilities in third-party libraries (npm packages) that are not regularly scanned or updated.","Inheriting known vulnerabilities (e.g., RCE, DoS) from dependencies, compromising the entire application.",Angular,Security & Vulnerability Risks
ANG-SEC-003,"Insecure storage of sensitive data (e.g., tokens, PII) in browser local storage, which is accessible to any script on the same domain.","Data breach and unauthorized access to user accounts if an XSS vulnerability is exploited.",Angular,Security & Vulnerability Risks
ANG-SEC-004,"Cross-Site Request Forgery (CSRF) if the application does not implement anti-CSRF tokens for state-changing requests.","Unauthorized actions being performed on behalf of a logged-in user without their consent.",Angular,Security & Vulnerability Risks
ANG-SEC-005,"Hardcoding API keys, secrets, or other credentials directly in the client-side Angular code.","Exposure of sensitive credentials, allowing unauthorized access to backend services and APIs.",Angular,Security & Vulnerability Risks
ANG-SEC-006,"Improper implementation of route guards, allowing unauthorized users to access restricted application views.","Unauthorized access to sensitive information or functionality within the client-side application.",Angular,Security & Vulnerability Risks
ANG-SEC-007,"Template injection vulnerabilities if server-side templates are mixed with client-side Angular templates insecurely.","Remote Code Execution (RCE) on the server or advanced XSS on the client.",Angular,Security & Vulnerability Risks
ANG-SEC-008,"Disabling Angular's built-in security features, such as the DOM sanitizer, for convenience.","Re-introduction of common web vulnerabilities like XSS that the framework is designed to prevent.",Angular,Security & Vulnerability Risks
ANG-SEC-009,"Exposure of sensitive application logic or data structures through JavaScript source maps in a production environment.","Providing attackers with a roadmap of the application's internal workings, aiding in targeted attacks.",Angular,Security & Vulnerability Risks
ANG-SEC-010,"Insecure JSONP usage, which can be exploited to bypass Same-Origin Policy and exfiltrate data.","Data leakage and potential for CSRF-like attacks across different domains.",Angular,Security & Vulnerability Risks
ANG-SEC-011,"Failure to implement Content Security Policy (CSP) headers, leaving the application vulnerable to data injection and XSS.","Reduced defense-in-depth, making the application more susceptible to various injection attacks.",Angular,Security & Vulnerability Risks
ANG-SEC-012,"Over-reliance on client-side validation, which can be easily bypassed by attackers.","Submission of malicious or malformed data to the backend, potentially leading to injection, DoS, or data corruption.",Angular,Security & Vulnerability Risks
ANG-SEC-013,"Using outdated or unsupported versions of Angular, which no longer receive security patches.","Exposure to publicly known and unpatched vulnerabilities in the core framework.",Angular,Security & Vulnerability Risks
ANG-SEC-014,"Insecure communication with APIs (e.g., using HTTP instead of HTTPS), exposing data in transit.","Man-in-the-middle (MITM) attacks, leading to session hijacking and data interception.",Angular,Security & Vulnerability Risks
ANG-SEC-015,"Leaking sensitive information in error messages displayed to the user (e.g., stack traces, database errors).","Information disclosure that can aid an attacker in understanding and exploiting the system.",Angular,Security & Vulnerability Risks
ANG-SEC-016,"Open redirects from user-controlled input, allowing phishing attacks.","Redirecting users to malicious websites, leading to credential theft or malware infection.",Angular,Security & Vulnerability Risks
ANG-SEC-017,"Improper handling of WebSockets, leading to injection or data leakage over the persistent connection.","Real-time data interception or manipulation, unauthorized access to data streams.",Angular,Security & Vulnerability Risks
ANG-SEC-018,"Client-side enforcement of business logic that should be handled by the server.","Bypassing of business rules, leading to fraud, data corruption, or unauthorized transactions.",Angular,Security & Vulnerability Risks
ANG-SEC-019,"Dependency confusion attacks where a malicious internal package name is registered on a public repository.","Execution of malicious code during the build process, compromising the CI/CD pipeline and application code.",Angular,Security & Vulnerability Risks
ANG-SEC-020,"Insecure configuration of Angular's AOT (Ahead-of-Time) compiler, potentially leaving debug information.","Information leakage about application structure and build environment.",Angular,Security & Vulnerability Risks
ANG-SEC-021,"Failure to revoke JWTs or session tokens on the client-side after logout.","Token replay attacks if a token is stolen, allowing unauthorized access until it expires.",Angular,Security & Vulnerability Risks
ANG-SEC-022,"Using `innerHTML` with un-sanitized content, a direct vector for XSS attacks.","DOM-based XSS, allowing attackers to manipulate the page and steal user data.",Angular,Security & Vulnerability Risks
ANG-SEC-023,"Misconfigured CORS policy on the backend API, trusted by the Angular app, allowing unauthorized origins.","Cross-site data theft and unauthorized API interactions from malicious websites.",Angular,Security & Vulnerability Risks
ANG-SEC-024,"Exposure of internal API endpoints or paths through the Angular router configuration.","Information disclosure about the backend infrastructure and potential attack surface.",Angular,Security & Vulnerability Risks
ANG-SEC-025,"Lack of security headers (e.g., HSTS, X-Frame-Options) configured in the web server hosting the Angular app.","Increased susceptibility to clickjacking, MITM attacks, and other common web threats.",Angular,Security & Vulnerability Risks
ANG-PERF-001,"Large initial bundle size due to inefficient code splitting and inclusion of unused libraries.","Slow initial page load times (Time to Interactive), leading to high user bounce rates.",Angular,Performance & Scalability Risks
ANG-PERF-002,"Excessive or inefficient use of Angular's change detection mechanism, causing UI lag and high CPU usage.","Unresponsive user interface, poor user experience, and battery drain on mobile devices.",Angular,Performance & Scalability Risks
ANG-PERF-003,"Memory leaks caused by subscriptions to observables that are not unsubscribed when a component is destroyed.","Gradual degradation of application performance, eventually leading to browser crashes.",Angular,Performance & Scalability Risks
ANG-PERF-004,"Rendering large lists of data without using virtual scrolling techniques (e.g., Angular CDK's virtual scroller).","Browser freezing and crashing due to an excessive number of DOM elements.",Angular,Performance & Scalability Risks
ANG-PERF-005,"Failing to use lazy loading for feature modules, resulting in a monolithic initial download.","Significantly increased initial load time for all users, even those who don't access all features.",Angular,Performance & Scalability Risks
ANG-PERF-006,"Making multiple, sequential HTTP requests to render a single view instead of parallelizing them or using a consolidated endpoint.","Increased view rendering time due to network latency accumulation ('waterfall' effect).",Angular,Performance & Scalability Risks
ANG-PERF-007,"Not utilizing Ahead-of-Time (AOT) compilation in production builds.","Slower application startup as the browser must compile the application at runtime.",Angular,Performance & Scalability Risks
ANG-PERF-008,"Complex calculations or data transformations being executed directly within component templates.","Sluggish UI and jank, as these calculations are re-run on every change detection cycle.",Angular,Performance & Scalability Risks
ANG-PERF-009,"Overuse of two-way data binding `[(ngModel)]` on complex objects or in large forms.","Performance overhead due to the creation of numerous event handlers and subscriptions.",Angular,Performance & Scalability Risks
ANG-PERF-010,"Lack of a caching strategy for frequently requested API data (e.g., user profiles, configuration).","Unnecessary network requests, leading to slower performance and increased backend load.",Angular,Performance & Scalability Risks
ANG-PERF-011,"Improper use of `async` pipe without caching the observable, leading to multiple subscriptions and API calls.","Redundant backend requests, wasted resources, and potential UI flickering.",Angular,Performance & Scalability Risks
ANG-PERF-012,"Large, unoptimized images and assets being served with the application.","Increased load times and data consumption, particularly detrimental for mobile users.",Angular,Performance & Scalability Risks
ANG-PERF-013,"Failure to use `trackBy` function in `*ngFor` loops for dynamic lists.","Inefficient DOM manipulation, as Angular re-renders the entire list instead of just the changed items.",Angular,Performance & Scalability Risks
ANG-PERF-014,"Global CSS styles that are large and not scoped to components, leading to style recalculation overhead.","Slow rendering and potential for style conflicts across the application.",Angular,Performance & Scalability Risks
ANG-PERF-015,"Not leveraging web workers for CPU-intensive tasks, blocking the main UI thread.","Frozen user interface while long-running computations are in progress.",Angular,Performance & Scalability Risks
ANG-PERF-016,"Using `ChangeDetectionStrategy.Default` everywhere instead of `OnPush` for components that don't require frequent updates.","Unnecessary change detection cycles running throughout the component tree, wasting CPU.",Angular,Performance & Scalability Risks
ANG-PERF-017,"Poorly designed state management architecture leading to cascading updates and re-renders.","Unpredictable performance issues and difficulty in debugging rendering loops.",Angular,Performance & Scalability Risks
ANG-PERF-018,"Lack of server-side rendering (SSR) or pre-rendering for public-facing content.","Poor SEO performance and slow perceived load time for first-time visitors.",Angular,Performance & Scalability Risks
ANG-PERF-019,"Including large, non-essential animations or complex CSS effects that are not GPU-accelerated.","UI jank, high CPU/GPU usage, and poor experience on less powerful devices.",Angular,Performance & Scalability Risks
ANG-PERF-020,"Inefficient font loading strategy, causing Flash of Invisible Text (FOIT) or Flash of Unstyled Text (FOUT).","Poor user experience during initial load and negative impact on Core Web Vitals.",Angular,Performance & Scalability Risks
ANG-PERF-021,"Attaching global event listeners (e.g., for scroll or resize) without proper debouncing or throttling.","Excessive function calls, leading to UI lag and high CPU usage during user interaction.",Angular,Performance & Scalability Risks
ANG-PERF-022,"Failing to remove event listeners or timers when a component is destroyed.","Memory leaks and continued execution of code for components that are no longer visible.",Angular,Performance & Scalability Risks
ANG-PERF-023,"Using heavyweight component libraries without tree-shaking unused components.","Bloated application bundle with code that is never executed, slowing down load times.",Angular,Performance & Scalability Risks
ANG-PERF-024,"Lack of performance monitoring and profiling in production environments.","Inability to identify and address real-world performance bottlenecks affecting users.",Angular,Performance & Scalability Risks
ANG-PERF-025,"Relying on a slow or unoptimized CI/CD pipeline for building and deploying the Angular application.","Slow feedback loop for developers and delayed delivery of features and bug fixes.",Angular,Performance & Scalability Risks
ANG-DX-001,"Steep learning curve of Angular, RxJS, and TypeScript for teams unfamiliar with these technologies.","Decreased developer velocity, longer onboarding times, and potential for suboptimal implementations.",Angular,Design & Developer Experience
ANG-DX-002,"Inconsistent component architecture and state management patterns across different teams or modules.","Increased cognitive load for developers, code duplication, and difficulty in maintaining the application.",Angular,Design & Developer Experience
ANG-DX-003,"Overly complex 'smart' components that handle too many responsibilities (business logic, state, API calls).","Poor reusability, difficult testing, and tightly coupled code that is hard to refactor.",Angular,Design & Developer Experience
ANG-DX-004,"Difficulty in managing complex asynchronous operations and state with RxJS ('callback hell' equivalent).","Bugs related to race conditions, memory leaks, and code that is difficult to read and debug.",Angular,Design & Developer Experience
ANG-DX-005,"Analysis paralysis when choosing a state management library (e.g., NgRx, NGXS, Akita, or services).","Delayed project start, inconsistent patterns, or choosing a solution that is overkill for the project's needs.",Angular,Design & Developer Experience
ANG-DX-006,"Lack of a shared, reusable component library for a large enterprise application.","Inconsistent UI/UX, duplicated effort, and increased maintenance overhead.",Angular,Design & Developer Experience
ANG-DX-007,"Poorly defined module boundaries, leading to circular dependencies and a monolithic structure.","Inability to effectively use lazy loading, longer build times, and difficulty in isolating features.",Angular,Design & Developer Experience
ANG-DX-008,"Verbose and boilerplate-heavy nature of Angular (e.g., declaring components in modules).","Reduced developer productivity and a feeling of 'ceremony' that can frustrate developers.",Angular,Design & Developer Experience
ANG-DX-009,"Failing to leverage the Angular CLI for generating code, running tests, and building the application.","Inconsistent project structure, manual configuration errors, and missing out on built-in optimizations.",Angular,Design & Developer Experience
ANG-DX-010,"Difficulty in unit testing components that have complex dependencies or rely on the DOM.","Low test coverage, brittle tests, and a lack of confidence in code changes.",Angular,Design & Developer Experience
ANG-DX-011,"Inadequate or outdated documentation for internal components and services.","Increased onboarding time for new developers and difficulty in using shared code correctly.",Angular,Design & Developer Experience
ANG-DX-012,"Mixing different programming paradigms (e.g., reactive, object-oriented, functional) without clear guidelines.","Confusing and inconsistent codebase that is difficult for developers to reason about.",Angular,Design & Developer Experience
ANG-DX-013,"Lack of clear and enforced coding standards and linting rules.","Inconsistent code style, hidden bugs, and time wasted in code reviews on stylistic issues.",Angular,Design & Developer Experience
ANG-DX-014,"Over-engineering solutions with complex RxJS chains or abstraction layers for simple problems.","Code that is unnecessarily complex, hard to debug, and inaccessible to junior developers.",Angular,Design & Developer Experience
ANG-DX-015,"Poor developer tooling integration (e.g., slow IDE performance, ineffective debugger setup).","Frustration and reduced productivity due to a slow and inefficient development environment.",Angular,Design & Developer Experience
ANG-DX-016,"Directly manipulating the DOM using `ElementRef` instead of using Angular's built-in mechanisms.","Bypassing Angular's security and platform abstractions, making the app brittle and harder to test.",Angular,Design & Developer Experience
ANG-DX-017,"Creating 'prop drilling' issues where data is passed through many layers of intermediate components.","Tightly coupled components and significant refactoring effort when data requirements change.",Angular,Design & Developer Experience
ANG-DX-018,"Lack of a clear strategy for handling application-wide configuration and feature flags.","Inconsistent behavior across environments and difficulty in managing releases.",Angular,Design & Developer Experience
ANG-DX-019,"Failing to establish a clear file and folder structure for the project.","Difficulty in locating files and understanding the application's architecture.",Angular,Design & Developer Experience
ANG-DX-020,"Ignoring the benefits of TypeScript's static typing by overusing the `any` type.","Loss of type safety, leading to runtime errors and making refactoring more difficult.",Angular,Design & Developer Experience
ANG-DX-021,"Poorly managed CSS, with global styles overriding component-scoped styles unexpectedly.","Unpredictable styling issues, difficulty in debugging CSS, and '!important' wars.",Angular,Design & Developer Experience
ANG-DX-022,"Lack of a streamlined peer review process for code changes.","Inconsistent code quality, knowledge silos, and introduction of bugs into the codebase.",Angular,Design & Developer Experience
ANG-DX-023,"Difficulty integrating non-Angular JavaScript libraries due to zone.js or change detection conflicts.","Unexpected behavior, performance degradation, and time spent on complex workarounds.",Angular,Design & Developer Experience
ANG-DX-024,"Monolithic `app.module.ts` that imports and declares everything, instead of using feature modules.","Poor organization, increased build times, and conflicts between different parts of the application.",Angular,Design & Developer Experience
ANG-DX-025,"Developer burnout due to the perceived complexity and rigidity of the framework.","High developer turnover, loss of project knowledge, and difficulty in attracting talent.",Angular,Design & Developer Experience
ANG-GOV-001,"Dependency on a single vendor (Google) for the core framework's future direction and support.","Risk of the project being abandoned or major breaking changes being introduced that are not aligned with business goals.",Angular,Governance & Operational Risks
ANG-GOV-002,"Significant effort and cost required to upgrade between major Angular versions (e.g., AngularJS to Angular 17).","Projects becoming stuck on unsupported versions, accumulating technical debt and security risks.",Angular,Governance & Operational Risks
ANG-GOV-003,"Lack of a formal process for managing and vetting third-party npm packages.","Introduction of malicious code, packages with incompatible licenses, or abandoned dependencies.",Angular,Governance & Operational Risks
ANG-GOV-004,"Scarcity or high cost of experienced Angular developers compared to other frameworks like React.","Difficulty in staffing projects, longer hiring cycles, and increased salary costs.",Angular,Governance & Operational Risks
ANG-GOV-005,"Inconsistent coding standards and architectural patterns across multiple Angular projects within the enterprise.","Difficulty for developers to move between projects, duplicated effort, and inconsistent quality.",Angular,Governance & Operational Risks
ANG-GOV-006,"Failure to budget for ongoing maintenance and version upgrades for the application.","Forced, costly, and rushed upgrade projects when a version becomes end-of-life.",Angular,Governance & Operational Risks
ANG-GOV-007,"Lack of a long-term support (LTS) policy for Angular versions, forcing frequent upgrades.","Development teams spending a significant portion of their time on maintenance instead of new features.",Angular,Governance & Operational Risks
ANG-GOV-008,"No centralized monitoring or error tracking for the deployed Angular application.","Inability to proactively identify and respond to client-side errors affecting users, leading to reputational damage.",Angular,Governance & Operational Risks
ANG-GOV-009,"Absence of a clear ownership and governance model for shared component libraries or platforms.","Stagnation of shared assets, conflicting changes, and lack of accountability.",Angular,Governance & Operational Risks
ANG-GOV-010,"Inadequate CI/CD pipeline for automated testing, building, and deploying the application.","Manual deployment errors, slow release cycles, and inability to deliver value quickly.",Angular,Governance & Operational Risks
ANG-GOV-011,"Failure to comply with accessibility standards (e.g., WCAG 2.1), exposing the company to legal risk.","Lawsuits, fines, and exclusion of users with disabilities from using the application.",Angular,Governance & Operational Risks
ANG-GOV-012,"Lack of a formal deprecation strategy for old features or components within the application.","Codebase bloat, increased maintenance complexity, and confusion for both users and developers.",Angular,Governance & Operational Risks
ANG-GOV-013,"Poor knowledge transfer and documentation, creating key-person dependencies.","Project delays and significant risk if a critical team member leaves.",Angular,Governance & Operational Risks
ANG-GOV-014,"Using non-standard or forked versions of the Angular framework or its core libraries.","Inability to receive official security patches and updates, creating a maintenance nightmare.",Angular,Governance & Operational Risks
ANG-GOV-015,"Failure to align the frontend technology stack with the organization's overall IT strategy.","Creation of technology silos, increased support costs, and difficulty in finding synergies.",Angular,Governance & Operational Risks
ANG-GOV-016,"No process for reviewing and approving architectural changes to the application.","Architectural drift, accumulation of technical debt, and introduction of long-term performance or security issues.",Angular,Governance & Operational Risks
ANG-GOV-017,"Inadequate end-to-end testing strategy, leading to regressions and bugs in production.","Poor application quality, customer dissatisfaction, and damage to the brand's reputation.",Angular,Governance & Operational Risks
ANG-GOV-018,"Mismanagement of environment-specific configurations (e.g., API endpoints).","Deployment failures, connecting to wrong backend services, and potential data corruption.",Angular,Governance & Operational Risks
ANG-GOV-019,"Ignoring license compliance for all third-party dependencies in the project.","Legal action, fines, and the requirement to re-engineer or replace parts of the application.",Angular,Governance & Operational Risks
ANG-GOV-020,"Lack of a disaster recovery plan for the frontend application and its hosting environment.","Extended downtime in the event of a hosting provider outage or a critical deployment failure.",Angular,Governance & Operational Risks
ANG-GOV-021,"The 'Not Invented Here' syndrome, leading teams to build custom solutions for problems already solved by the framework or community.","Wasted development effort, increased maintenance burden, and lower quality solutions.",Angular,Governance & Operational Risks
ANG-GOV-022,"Failure to track and manage technical debt, allowing it to accumulate unchecked.","Exponentially increasing cost of change, decreased developer morale, and eventual need for a complete rewrite.",Angular,Governance & Operational Risks
ANG-GOV-023,"Inconsistent browser and device support policy across different applications.","Poor user experience for a segment of the user base and increased testing complexity.",Angular,Governance & Operational Risks
ANG-GOV-024,"Lack of a business continuity plan that considers the frontend application's role in critical business processes.","Inability to conduct business if the application becomes unavailable.",Angular,Governance & Operational Risks
ANG-GOV-025,"Pressure from management to prioritize features over essential maintenance and refactoring.","Degradation of code quality, increased bug rates, and eventual slowdown of feature delivery.",Angular,Governance & Operational Risks
ANG-AI-001,"Misleading data visualizations in the Angular UI due to incorrect chart implementation or data aggregation.","Users making incorrect business decisions based on flawed visual representations of data.",Angular,AI & Data Engineering Specific Risks
ANG-AI-002,"Poor performance when rendering large, real-time data streams from a data engineering pipeline (e.g., Kafka).","UI lag, stale data being displayed, and inability to provide real-time operational insights.",Angular,AI & Data Engineering Specific Risks
ANG-AI-003,"Insecure handling of sensitive data passed from the Angular client to a backend AI/ML model for inference.","Data breach, exposure of PII or proprietary data used in model predictions.",Angular,AI & Data Engineering Specific Risks
ANG-AI-004,"Failure to clearly communicate the confidence level or uncertainty of an AI model's prediction in the UI.","Users placing too much trust in low-confidence predictions, leading to poor outcomes.",Angular,AI & Data Engineering Specific Risks
ANG-AI-005,"Lack of UI components to effectively display model explainability (e.g., SHAP values, LIME explanations).","Inability for users to understand or trust AI-driven decisions, hindering adoption and regulatory compliance.",Angular,AI & Data Engineering Specific Risks
ANG-AI-006,"The UI does not provide a mechanism for users to provide feedback on model predictions.","Missed opportunity to collect valuable data for model retraining and improvement (human-in-the-loop).",Angular,AI & Data Engineering Specific Risks
ANG-AI-007,"Complex data transformations required on the client-side to prepare data for visualization, causing performance bottlenecks.","Slow dashboard loading times and unresponsive UI when filtering or manipulating data.",Angular,AI & Data Engineering Specific Risks
ANG-AI-008,"Displaying biased AI model outputs in the UI without any warning or context.","Perpetuating and amplifying societal biases, leading to reputational damage and legal liability.",Angular,AI & Data Engineering Specific Risks
ANG-AI-009,"Inability of the Angular application to handle asynchronous, long-running data processing or model training jobs.","Poor user experience, as users cannot track job progress or be notified upon completion.",Angular,AI & Data Engineering Specific Risks
ANG-AI-010,"Tight coupling between the Angular UI and a specific data visualization library, making it difficult to switch or upgrade.","Vendor lock-in and inability to adopt more advanced visualization techniques.",Angular,AI & Data Engineering Specific Risks
ANG-AI-011,"The UI allows users to construct overly complex or inefficient queries against a data backend (e.g., Snowflake).","Excessive compute costs, slow query performance, and potential for database contention.",Angular,AI & Data Engineering Specific Risks
ANG-AI-012,"Failure to implement proper error handling for failed API calls to AI/ML services.","Confusing user experience and lack of clarity on why a prediction or data view is unavailable.",Angular,AI & Data Engineering Specific Risks
ANG-AI-013,"Displaying raw, unformatted data from a data lake without providing context or user-friendly formatting.","Information overload and inability for non-technical users to derive insights from the data.",Angular,AI & Data Engineering Specific Risks
ANG-AI-014,"Lack of a caching strategy for expensive data queries, leading to repeated, costly calls to the data warehouse.","High operational costs and slow performance for frequently accessed dashboards.",Angular,AI & Data Engineering Specific Risks
ANG-AI-015,"The UI design does not support the 'drill-down' or 'slice-and-dice' capabilities required for data exploration.","Limited utility of the data platform, as users cannot investigate data anomalies or trends.",Angular,AI & Data Engineering Specific Risks
ANG-AI-016,"Presenting AI-generated content (e.g., text, images) in the UI without indicating that it is machine-generated.","Misinformation and lack of transparency, eroding user trust.",Angular,AI & Data Engineering Specific Risks
ANG-AI-017,"The Angular application is not optimized for rendering complex geospatial data or maps.","Poor performance and limited functionality for location-based data analysis.",Angular,AI & Data Engineering Specific Risks
ANG-AI-018,"Inability to A/B test different models or UI presentations of AI results through the Angular frontend.","Difficulty in scientifically measuring the impact of model or UI changes on business metrics.",Angular,AI & Data Engineering Specific Risks
ANG-AI-019,"The UI does not enforce data governance rules (e.g., masking sensitive columns) that are missed by the backend.","Accidental exposure of sensitive data to unauthorized users through the frontend.",Angular,AI & Data Engineering Specific Risks
ANG-AI-020,"Using WebSockets to stream real-time data without effective backpressure handling, overwhelming the client.","Browser memory exhaustion and application crashes under high data volume.",Angular,AI & Data Engineering Specific Risks
ANG-AI-021,"Lack of accessibility considerations in data visualizations, making them unusable for people with visual impairments.","Exclusion of users and potential legal non-compliance with accessibility laws.",Angular,AI & Data Engineering Specific Risks
ANG-AI-022,"The UI makes it too easy for a user to initiate a very expensive or long-running query without a confirmation or cost estimate.","Uncontrolled and unexpected spikes in data warehouse or cloud service costs.",Angular,AI & Data Engineering Specific Risks
ANG-AI-023,"The frontend application does not have a robust state management solution for handling complex, multi-filter dashboards.","Bugs, inconsistent state, and a frustrating user experience when interacting with filters.",Angular,AI & Data Engineering Specific Risks
ANG-AI-024,"Displaying temporal data without proper timezone handling and localization in the Angular UI.","Confusion and incorrect interpretation of time-series data by a global user base.",Angular,AI & Data Engineering Specific Risks
ANG-AI-025,"The UI does not provide an intuitive way to compare results from different models or different time periods.","Limited analytical capabilities, preventing users from performing comparative analysis.",Angular,AI & Data Engineering Specific Risks