"Risk ID","Risk Description","Potential Impact","Tech Stack","Category of Risks"
"JAVA-SEC-01","Insecure Deserialization: Executing malicious payloads via deserialization of untrusted data, a common vulnerability in Java applications.","Remote code execution, denial-of-service, data theft, and complete system compromise.","Java","Security & Vulnerability Risks"
"JAVA-SEC-02","Outdated JVM/JDK Versions: Running older versions of the Java Virtual Machine or Java Development Kit with known, unpatched vulnerabilities.","System compromise, exposure to a wide range of exploits, and non-compliance with security standards.","Java","Security & Vulnerability Risks"
"JAVA-SEC-03","Dependency Confusion: Vulnerabilities in third-party libraries and frameworks (e.g., Spring, Log4j) that are not properly managed or updated.","Introduction of backdoors, data exfiltration, and supply chain attacks.","Java","Security & Vulnerability Risks"
"JAVA-SEC-04","Improper XML External Entity (XXE) Processing: Parsing malicious XML input can lead to information disclosure or server-side request forgery (SSRF).","Unauthorized access to local files, internal network scanning, and denial-of-service.","Java","Security & Vulnerability Risks"
"JAVA-SEC-05","Insecure JNDI Lookups: Exploitation of Java Naming and Directory Interface (JNDI) to load and execute arbitrary remote code (e.g., Log4Shell).","Complete server takeover, remote code execution, and widespread system compromise.","Java","Security & Vulnerability Risks"
"JAVA-SEC-06","Weak Cryptographic Implementations: Use of deprecated or weak cryptographic algorithms and improper key management.","Data breaches, sensitive information exposure, and inability to ensure data integrity and confidentiality.","Java","Security & Vulnerability Risks"
"JAVA-SEC-07","Path Traversal Vulnerabilities: Lack of input sanitization allowing attackers to access arbitrary files and directories on the server.","Unauthorized access to sensitive configuration files, source code, and system credentials.","Java","Security & Vulnerability Risks"
"JAVA-PERF-01","Garbage Collection (GC) Pauses: Long or frequent 'stop-the-world' GC pauses in the JVM, leading to application unresponsiveness.","High latency, poor user experience, and potential service timeouts under heavy load.","Java","Performance & Scalability Risks"
"JAVA-PERF-02","Memory Leaks: Improper object lifecycle management leading to the heap filling up, causing OutOfMemoryError.","Application crashes, service unavailability, and need for frequent restarts.","Java","Performance & Scalability Risks"
"JAVA-PERF-03","Inefficient Thread Management: Excessive thread creation or poor synchronization leading to contention and deadlocks.","CPU resource exhaustion, application freezes, and reduced throughput.","Java","Performance & Scalability Risks"
"JAVA-PERF-04","Suboptimal JIT Compilation: Just-In-Time (JIT) compiler not effectively optimizing hot code paths, resulting in slower execution.","Reduced application performance, increased CPU usage, and higher operational costs.","Java","Performance & Scalability Risks"
"JAVA-PERF-05","Blocking I/O Operations: Use of traditional blocking I/O instead of non-blocking or reactive models, limiting concurrency.","Poor scalability, thread starvation, and inability to handle a high number of concurrent connections.","Java","Performance & Scalability Risks"
"JAVA-PERF-06","Inefficient Database Connection Pooling: Misconfigured connection pools leading to connection exhaustion or high latency in acquiring connections.","Database performance bottlenecks, application slowdowns, and potential for cascading failures.","Java","Performance & Scalability Risks"
"JAVA-PERF-07","Classloading Overhead: Slow application startup and performance degradation due to complex and deep classloader hierarchies.","Increased deployment times, slow auto-scaling responses, and higher resource consumption during startup.","Java","Performance & Scalability Risks"
"JAVA-DDE-01","Framework Lock-in and Complexity: Over-reliance on complex frameworks (e.g., older versions of Java EE) can increase learning curves and reduce developer agility.","Slower development cycles, difficulty in onboarding new developers, and resistance to modernization.","Java","Design & Developer Experience"
"JAVA-DDE-02","Verbose and Boilerplate Code: The inherent verbosity of Java can lead to large codebases that are difficult to maintain and read.","Reduced developer productivity, increased likelihood of bugs, and higher maintenance costs.","Java","Design & Developer Experience"
"JAVA-DDE-03","Inconsistent Build and Dependency Management: Lack of standardization on build tools (Maven vs. Gradle) and dependency management practices.","Build failures, 'dependency hell,' and difficulties in maintaining a consistent development environment.","Java","Design & Developer Experience"
"JAVA-DDE-04","Slow Build and Deployment Cycles: Long compilation and packaging times, especially in large monolithic applications.","Reduced developer velocity, delayed feedback loops, and inefficient CI/CD pipelines.","Java","Design & Developer Experience"
"JAVA-DDE-05","Difficulty in Adopting Modern Paradigms: Challenges in integrating functional and reactive programming concepts into traditional object-oriented codebases.","Technical debt, inability to leverage modern performance benefits, and a less attractive stack for new talent.","Java","Design & Developer Experience"
"JAVA-DDE-06","Monolithic Architecture Pitfalls: Designing large, tightly coupled monolithic applications that are difficult to test, deploy, and scale independently.","Reduced deployment frequency, high risk of deployment failures, and inability to adopt microservices or agile practices effectively.","Java","Design & Developer Experience"
"JAVA-DDE-07","Lack of Live Reload/Hot-Swap Tooling: Poor support for live code changes during development, requiring frequent application restarts.","Interrupted development workflow, decreased productivity, and developer frustration.","Java","Design & Developer Experience"
"JAVA-GOV-01","Oracle JDK Licensing Complexity: Changes in Oracle's licensing model for Java SE can lead to unexpected costs and compliance violations.","Unbudgeted licensing fees, legal risks, and forced migration to alternative JDKs (e.g., OpenJDK).","Java","Governance & Operational Risks"
"JAVA-GOV-02","Lack of Centralized Monitoring and Logging: Failure to implement standardized observability practices across Java applications.","Inability to effectively troubleshoot production issues, longer incident resolution times, and missed security events.","Java","Governance & Operational Risks"
"JAVA-GOV-03","Inconsistent Environment Configuration: Discrepancies in JVM settings, application properties, and environment variables between dev, test, and prod.","Bugs that only appear in production, deployment failures, and unpredictable application behavior.","Java","Governance & Operational Risks"
"JAVA-GOV-04","End-of-Life (EOL) Frameworks and Libraries: Continued use of Java frameworks or libraries that are no longer supported or receiving security patches.","Exposure to known vulnerabilities, compliance issues, and significant future migration effort.","Java","Governance & Operational Risks"
"JAVA-GOV-05","Secrets Management Failures: Hardcoding credentials, API keys, or other secrets in source code or configuration files.","High risk of credential leakage, unauthorized access, and major security breaches.","Java","Governance & Operational Risks"
"JAVA-GOV-06","Inadequate Containerization Strategy: Poorly configured Dockerfiles or container images for Java applications, leading to large, insecure, or inefficient images.","Increased security surface, slow container startup times, and inefficient use of container orchestration platform resources.","Java","Governance & Operational Risks"
"JAVA-GOV-07","Drift in Infrastructure as Code (IaC): Manual changes to environments that are supposed to be managed by code, leading to configuration drift.","Inconsistent and non-reproducible environments, failed deployments, and security gaps.","Java","Governance & Operational Risks"
